URL,Version,Status,OIDs,Name,Title,Description,Used
http://va.gov/fhir/vco/CodeSystem/caregiving-codes,0.1.0,draft,,CaregivingCodes,Caregiving Activity Codes,"Caregiving activity codes, mapping to standard terminologies is TBD.",
http://va.gov/fhir/vco/CodeSystem/employment-codes,0.1.0,draft,,EmploymentCodes,Employment Codes,"Employment related codes, mapping to standard terminologies is TBD.",
http://va.gov/fhir/vco/CodeSystem/school-codes,0.1.0,draft,,SchoolCodes,School Codes,"School or training related codes, mapping to standard terminologies is TBD.",
http://va.gov/fhir/vco/CodeSystem/well-being-answer-codes,0.1.0,draft,,WellBeingAnswerCodes,Well-Being Answer Codes,"Well-being answer codes not found in LOINC",
