{
  "resourceType" : "Bundle",
  "id" : "4701d90c-d98b-46b4-aa5a-7e5843140915",
  "meta" : {
    "lastUpdated" : "2025-04-03T13:54:38.175+00:00"
  },
  "type" : "collection",
  "entry" : [{
    "fullUrl" : "http://va.gov/fhir/vco/ValueSet/well-being-frequency",
    "resource" : {
      "resourceType" : "ValueSet",
      "text" : {
        "status" : "generated",
        "div" : "<div xmlns=\"http://www.w3.org/1999/xhtml\"><p class=\"res-header-id\"><b>ValueSet </b></p><p style=\"border: black 1px dotted; background-color: #EEEEEE; padding: 8px; margin-bottom: 8px\">Expansion from tx.fhir.org based on Loinc v2.80</p><p>This value set contains 7 concepts</p><table class=\"codes\"><tr><td style=\"white-space:nowrap\"><b>Code</b></td><td><b>System</b></td><td><b>Display (en-US)</b></td></tr><tr><td style=\"white-space:nowrap\"><a name=\"x-http://loinc.org-LA6270-8\"> </a>\u00a0\u00a0<a href=\"https://loinc.org/LA6270-8/\">LA6270-8</a></td><td>http://loinc.org</td><td>Never</td></tr><tr><td style=\"white-space:nowrap\"><a name=\"x-http://loinc.org-LA10066-1\"> </a>\u00a0\u00a0<a href=\"https://loinc.org/LA10066-1/\">LA10066-1</a></td><td>http://loinc.org</td><td>Rarely</td></tr><tr><td style=\"white-space:nowrap\"><a name=\"x-http://loinc.org-LA6483-7\"> </a>\u00a0\u00a0<a href=\"https://loinc.org/LA6483-7/\">LA6483-7</a></td><td>http://loinc.org</td><td>Occasionally</td></tr><tr><td style=\"white-space:nowrap\"><a name=\"x-http://loinc.org-LA10082-8\"> </a>\u00a0\u00a0<a href=\"https://loinc.org/LA10082-8/\">LA10082-8</a></td><td>http://loinc.org</td><td>Sometimes</td></tr><tr><td style=\"white-space:nowrap\"><a name=\"x-http://loinc.org-LA10044-8\"> </a>\u00a0\u00a0<a href=\"https://loinc.org/LA10044-8/\">LA10044-8</a></td><td>http://loinc.org</td><td>Often</td></tr><tr><td style=\"white-space:nowrap\"><a name=\"x-http://loinc.org-LA13865-3\"> </a>\u00a0\u00a0<a href=\"https://loinc.org/LA13865-3/\">LA13865-3</a></td><td>http://loinc.org</td><td>Almost always</td></tr><tr><td style=\"white-space:nowrap\"><a name=\"x-http://loinc.org-LA9933-8\"> </a>\u00a0\u00a0<a href=\"https://loinc.org/LA9933-8/\">LA9933-8</a></td><td>http://loinc.org</td><td>Always</td></tr></table></div>"
      },
      "url" : "http://va.gov/fhir/vco/ValueSet/well-being-frequency",
      "version" : "0.1.0",
      "name" : "WellBeingFrequency",
      "title" : "Well-Being Frequency Answers",
      "status" : "draft",
      "experimental" : false,
      "date" : "2025-04-03T13:53:40+00:00",
      "jurisdiction" : [{
        "coding" : [{
          "system" : "urn:iso:std:iso:3166",
          "code" : "US",
          "display" : "United States of America"
        }]
      }],
      "expansion" : {
        "identifier" : "urn:uuid:0e38cb99-1f7a-4f4b-8ceb-72eaeb9e01a0",
        "timestamp" : "2025-04-03T13:55:10+00:00",
        "total" : 7,
        "offset" : 0,
        "parameter" : [{
          "name" : "displayLanguage",
          "valueCode" : "en-US"
        },
        {
          "name" : "count",
          "valueInteger" : 1000
        },
        {
          "name" : "offset",
          "valueInteger" : 0
        },
        {
          "name" : "excludeNested",
          "valueBoolean" : false
        },
        {
          "name" : "used-valueset",
          "valueUri" : "null"
        },
        {
          "name" : "used-codesystem",
          "valueUri" : "http://loinc.org|2.80"
        },
        {
          "name" : "version",
          "valueUri" : "http://loinc.org|2.80"
        }],
        "contains" : [{
          "system" : "http://loinc.org",
          "code" : "LA6270-8",
          "display" : "Never"
        },
        {
          "system" : "http://loinc.org",
          "code" : "LA10066-1",
          "display" : "Rarely"
        },
        {
          "system" : "http://loinc.org",
          "code" : "LA6483-7",
          "display" : "Occasionally"
        },
        {
          "system" : "http://loinc.org",
          "code" : "LA10082-8",
          "display" : "Sometimes"
        },
        {
          "system" : "http://loinc.org",
          "code" : "LA10044-8",
          "display" : "Often"
        },
        {
          "system" : "http://loinc.org",
          "code" : "LA13865-3",
          "display" : "Almost always"
        },
        {
          "system" : "http://loinc.org",
          "code" : "LA9933-8",
          "display" : "Always"
        }]
      }
    }
  },
  {
    "fullUrl" : "http://va.gov/fhir/vco/ValueSet/well-being-satisfaction",
    "resource" : {
      "resourceType" : "ValueSet",
      "text" : {
        "status" : "generated",
        "div" : "<div xmlns=\"http://www.w3.org/1999/xhtml\"><p class=\"res-header-id\"><b>ValueSet </b></p><div style=\"border: black 1px dotted; background-color: #EEEEEE; padding: 8px; margin-bottom: 8px\"><p>Expansion from tx.fhir.org based on:</p><ul><li>Loinc v2.80</li><li><a href=\"CodeSystem-well-being-answer-codes.html\">codesystem Well-Being Answer Codes v0.1.0 (CodeSystem)</a></li></ul></div><p>This value set contains 7 concepts</p><table class=\"codes\"><tr><td style=\"white-space:nowrap\"><b>Code</b></td><td><b>System</b></td><td><b>Display (en-US)</b></td><td><b>Definition</b></td></tr><tr><td style=\"white-space:nowrap\"><a name=\"x-http://loinc.org-LA14638-3\"> </a>\u00a0\u00a0<a href=\"https://loinc.org/LA14638-3/\">LA14638-3</a></td><td>http://loinc.org</td><td>Very dissatisfied</td><td><div/></td></tr><tr><td style=\"white-space:nowrap\"><a name=\"x-http://loinc.org-LA29849-9\"> </a>\u00a0\u00a0<a href=\"https://loinc.org/LA29849-9/\">LA29849-9</a></td><td>http://loinc.org</td><td>Somewhat dissatisfied</td><td><div/></td></tr><tr><td style=\"white-space:nowrap\"><a name=\"x-http://loinc.org-LA31733-1\"> </a>\u00a0\u00a0<a href=\"https://loinc.org/LA31733-1/\">LA31733-1</a></td><td>http://loinc.org</td><td>Neither satisfied nor dissatisfied</td><td><div/></td></tr><tr><td style=\"white-space:nowrap\"><a name=\"x-http://loinc.org-LA27752-7\"> </a>\u00a0\u00a0<a href=\"https://loinc.org/LA27752-7/\">LA27752-7</a></td><td>http://loinc.org</td><td>Somewhat satisfied</td><td><div/></td></tr><tr><td style=\"white-space:nowrap\"><a name=\"x-http://loinc.org-LA14642-5\"> </a>\u00a0\u00a0<a href=\"https://loinc.org/LA14642-5/\">LA14642-5</a></td><td>http://loinc.org</td><td>Very satisfied</td><td><div/></td></tr><tr><td style=\"white-space:nowrap\"><a name=\"x-http://va.gov/fhir/vco/CodeSystem/well-being-answer-codes-slightly-dissatisfied\"> </a>\u00a0\u00a0<a href=\"CodeSystem-well-being-answer-codes.html#well-being-answer-codes-slightly-dissatisfied\">slightly-dissatisfied</a></td><td>http://va.gov/fhir/vco/CodeSystem/well-being-answer-codes</td><td/><td><div><p>Slightly dissatisfied</p>\n</div></td></tr><tr><td style=\"white-space:nowrap\"><a name=\"x-http://va.gov/fhir/vco/CodeSystem/well-being-answer-codes-slightly-satisfied\"> </a>\u00a0\u00a0<a href=\"CodeSystem-well-being-answer-codes.html#well-being-answer-codes-slightly-satisfied\">slightly-satisfied</a></td><td>http://va.gov/fhir/vco/CodeSystem/well-being-answer-codes</td><td/><td><div><p>Slightly satisfied</p>\n</div></td></tr></table></div>"
      },
      "url" : "http://va.gov/fhir/vco/ValueSet/well-being-satisfaction",
      "version" : "0.1.0",
      "name" : "WellBeingSatisfaction",
      "title" : "Well-Being Satisfaction Answers",
      "status" : "draft",
      "experimental" : false,
      "date" : "2025-04-03T13:53:40+00:00",
      "jurisdiction" : [{
        "coding" : [{
          "system" : "urn:iso:std:iso:3166",
          "code" : "US",
          "display" : "United States of America"
        }]
      }],
      "expansion" : {
        "identifier" : "urn:uuid:6b60fa66-1cc1-4ff3-9ff2-194fe480b9bc",
        "timestamp" : "2025-04-03T13:55:11+00:00",
        "total" : 7,
        "offset" : 0,
        "parameter" : [{
          "name" : "displayLanguage",
          "valueCode" : "en-US"
        },
        {
          "name" : "count",
          "valueInteger" : 1000
        },
        {
          "name" : "offset",
          "valueInteger" : 0
        },
        {
          "name" : "excludeNested",
          "valueBoolean" : false
        },
        {
          "name" : "used-valueset",
          "valueUri" : "null"
        },
        {
          "name" : "used-codesystem",
          "valueUri" : "http://loinc.org|2.80"
        },
        {
          "name" : "version",
          "valueUri" : "http://loinc.org|2.80"
        },
        {
          "name" : "warning-experimental",
          "valueUri" : "http://va.gov/fhir/vco/CodeSystem/well-being-answer-codes|0.1.0"
        },
        {
          "name" : "used-codesystem",
          "valueUri" : "http://va.gov/fhir/vco/CodeSystem/well-being-answer-codes|0.1.0"
        }],
        "contains" : [{
          "system" : "http://loinc.org",
          "code" : "LA14638-3",
          "display" : "Very dissatisfied"
        },
        {
          "system" : "http://loinc.org",
          "code" : "LA29849-9",
          "display" : "Somewhat dissatisfied"
        },
        {
          "system" : "http://loinc.org",
          "code" : "LA31733-1",
          "display" : "Neither satisfied nor dissatisfied"
        },
        {
          "system" : "http://loinc.org",
          "code" : "LA27752-7",
          "display" : "Somewhat satisfied"
        },
        {
          "system" : "http://loinc.org",
          "code" : "LA14642-5",
          "display" : "Very satisfied"
        },
        {
          "system" : "http://va.gov/fhir/vco/CodeSystem/well-being-answer-codes",
          "code" : "slightly-dissatisfied"
        },
        {
          "system" : "http://va.gov/fhir/vco/CodeSystem/well-being-answer-codes",
          "code" : "slightly-satisfied"
        }]
      }
    }
  }]
}