<?xml version="1.0" encoding="UTF-8"?>

<Practitioner xmlns="http://hl7.org/fhir">
  <id value="pcoPractitionerGonzalez"/>
  <meta>
    <profile value="http://hl7.org/fhir/us/core/StructureDefinition/us-core-practitioner"/>
  </meta>
  <text>
    <status value="generated"/><div xmlns="http://www.w3.org/1999/xhtml"><p class="res-header-id"><b>Generated Narrative: Practitioner pcoPractitionerGonzalez</b></p><a name="pcoPractitionerGonzalez"> </a><a name="hcpcoPractitionerGonzalez"> </a><a name="pcoPractitionerGonzalez-en-US"> </a><div style="display: inline-block; background-color: #d9e0e7; padding: 6px; margin: 4px; border: 1px solid #8da1b4; border-radius: 5px; line-height: 60%"><p style="margin-bottom: 0px"/><p style="margin-bottom: 0px">Profile: <a href="http://hl7.org/fhir/us/core/STU6.1/StructureDefinition-us-core-practitioner.html">US Core Practitioner Profile</a></p></div><p><b>identifier</b>: <a href="http://terminology.hl7.org/5.5.0/NamingSystem-npi.html" title="National Provider Identifier">United States National Provider Identifier</a>/9941339100</p><p><b>name</b>: Maria Gonzalez, NBC-HWC</p><p><b>gender</b>: Female</p></div>
  </text>
  <identifier>
    <system value="http://hl7.org/fhir/sid/us-npi"/>
    <value value="9941339100"/>
  </identifier>
  <name>
    <text value="Maria Gonzalez, NBC-HWC"/>
    <family value="Gonzalez"/>
    <given value="Maria"/>
    <suffix value="NBC-HWC"/>
  </name>
  <gender value="female"/>
</Practitioner>