<?xml version="1.0" encoding="UTF-8"?><ValueSet xmlns="http://hl7.org/fhir"><id value="well-being-satisfaction"/><text><status value="extensions"/><div xmlns="http://www.w3.org/1999/xhtml"><p class="res-header-id"><b>Generated Narrative: ValueSet well-being-satisfaction</b></p><a name="well-being-satisfaction"> </a><a name="hcwell-being-satisfaction"> </a><a name="well-being-satisfaction-en-US"> </a><p>This value set includes codes based on the following rules:</p><ul><li>Include these codes as defined in <a href="http://loinc.org"><code>http://loinc.org</code></a><table class="none"><tr><td style="white-space:nowrap"><b>Code</b></td><td><b>Display</b></td></tr><tr><td><a href="https://loinc.org/LA14638-3/">LA14638-3</a></td><td>Very dissatisfied</td></tr><tr><td><a href="https://loinc.org/LA29849-9/">LA29849-9</a></td><td>Somewhat dissatisfied</td></tr><tr><td><a href="https://loinc.org/LA31733-1/">LA31733-1</a></td><td>Neither satisfied nor dissatisfied</td></tr><tr><td><a href="https://loinc.org/LA27752-7/">LA27752-7</a></td><td>Somewhat satisfied</td></tr><tr><td><a href="https://loinc.org/LA14642-5/">LA14642-5</a></td><td>Very satisfied</td></tr></table></li><li>Include these codes as defined in <a href="CodeSystem-well-being-answer-codes.html"><code>http://va.gov/fhir/vco/CodeSystem/well-being-answer-codes</code></a><table class="none"><tr><td style="white-space:nowrap"><b>Code</b></td><td><b>Display</b></td><td><b>Definition</b></td></tr><tr><td><a href="CodeSystem-well-being-answer-codes.html#well-being-answer-codes-slightly-dissatisfied">slightly-dissatisfied</a></td><td>Slightly dissatisfied</td><td>Slightly dissatisfied</td></tr><tr><td><a href="CodeSystem-well-being-answer-codes.html#well-being-answer-codes-slightly-satisfied">slightly-satisfied</a></td><td>Slightly satisfied</td><td>Slightly satisfied</td></tr></table></li></ul></div></text><url value="http://va.gov/fhir/vco/ValueSet/well-being-satisfaction"/><version value="0.1.0"/><name value="WellBeingSatisfaction"/><title value="Well-Being Satisfaction Answers"/><status value="draft"/><experimental value="false"/><date value="2025-04-03T13:53:40+00:00"/><publisher value="U.S. Department of Veterans Affairs"/><contact><name value="U.S. Department of Veterans Affairs"/><telecom><system value="url"/><value value="http://va.gov"/></telecom></contact><description value="Answers for satisfaction related questions in well-being questionnaires."/><jurisdiction><coding><system value="urn:iso:std:iso:3166"/><code value="US"/><display value="United States of America"/></coding></jurisdiction><copyright value="This material contains content from LOINC (http://loinc.org). LOINC is copyright © 1995-2020, Regenstrief Institute, Inc. and the Logical Observation Identifiers Names and Codes (LOINC) Committee and is available at no cost under the license at http://loinc.org/license. LOINC® is a registered United States trademark of Regenstrief Institute, Inc"/><compose><include><system value="http://loinc.org"/><concept><code value="LA14638-3"/><display value="Very dissatisfied"/></concept><concept><code value="LA29849-9"/><display value="Somewhat dissatisfied"/></concept><concept><code value="LA31733-1"/><display value="Neither satisfied nor dissatisfied"/></concept><concept><code value="LA27752-7"/><display value="Somewhat satisfied"/></concept><concept><code value="LA14642-5"/><display value="Very satisfied"/></concept></include><include><system value="http://va.gov/fhir/vco/CodeSystem/well-being-answer-codes"/><concept><code value="slightly-dissatisfied"/><display value="Slightly dissatisfied"/></concept><concept><code value="slightly-satisfied"/><display value="Slightly satisfied"/></concept></include></compose></ValueSet>