[
  {
    "id" : "well-being-signs",
    "type" : "Questionnaire",
    "url" : "http://va.gov/fhir/us/pco/Questionnaire/well-being-signs",
    "version" : "0.1.0",
    "name" : "WellBeingSigns"
  },
  {
    "id" : "health-inventory",
    "type" : "Questionnaire",
    "url" : "http://va.gov/fhir/us/vco/Questionnaire/health-inventory",
    "version" : "0.1.0",
    "name" : "PersonalHealthInventory"
  },
  {
    "id" : "va.fhir.vco",
    "type" : "ImplementationGuide",
    "url" : "http://va.gov/fhir/vco/ImplementationGuide/va.fhir.vco",
    "version" : "0.1.0",
    "name" : "VCO"
  }
]
