{
  "codeSystems" : [
    {
      "url" : "http://va.gov/fhir/vco/CodeSystem/caregiving-codes",
      "version" : "0.1.0",
      "status" : "draft",
      "name" : "CaregivingCodes",
      "title" : "Caregiving Activity Codes",
      "description" : "Caregiving activity codes, mapping to standard terminologies is TBD."
    },
    {
      "url" : "http://va.gov/fhir/vco/CodeSystem/employment-codes",
      "version" : "0.1.0",
      "status" : "draft",
      "name" : "EmploymentCodes",
      "title" : "Employment Codes",
      "description" : "Employment related codes, mapping to standard terminologies is TBD."
    },
    {
      "url" : "http://va.gov/fhir/vco/CodeSystem/school-codes",
      "version" : "0.1.0",
      "status" : "draft",
      "name" : "SchoolCodes",
      "title" : "School Codes",
      "description" : "School or training related codes, mapping to standard terminologies is TBD."
    },
    {
      "url" : "http://va.gov/fhir/vco/CodeSystem/well-being-answer-codes",
      "version" : "0.1.0",
      "status" : "draft",
      "name" : "WellBeingAnswerCodes",
      "title" : "Well-Being Answer Codes",
      "description" : "Well-being answer codes not found in LOINC"
    }
  ]
}
