{
  "resourceType" : "CodeSystem",
  "id" : "employment-codes",
  "text" : {
    "status" : "generated",
    "div" : "<div xmlns=\"http://www.w3.org/1999/xhtml\"><p class=\"res-header-id\"><b>Generated Narrative: CodeSystem employment-codes</b></p><a name=\"employment-codes\"> </a><a name=\"hcemployment-codes\"> </a><a name=\"employment-codes-en-US\"> </a><p>This case-sensitive code system <code>http://va.gov/fhir/vco/CodeSystem/employment-codes</code> defines the following codes:</p><table class=\"codes\"><tr><td style=\"white-space:nowrap\"><b>Code</b></td><td><b>Display</b></td><td><b>Definition</b></td></tr><tr><td style=\"white-space:nowrap\">employment<a name=\"employment-codes-employment\"> </a></td><td>Employment</td><td>Employment</td></tr><tr><td style=\"white-space:nowrap\">employment-status<a name=\"employment-codes-employment-status\"> </a></td><td>Employment Status</td><td>Employment Status</td></tr><tr><td style=\"white-space:nowrap\">working-for-pay<a name=\"employment-codes-working-for-pay\"> </a></td><td>Working for pay</td><td>Working for pay</td></tr><tr><td style=\"white-space:nowrap\">not-working-for-pay-looking<a name=\"employment-codes-not-working-for-pay-looking\"> </a></td><td>Not working for pay but actively looking for paid work</td><td>Not working for pay but actively looking for paid work</td></tr><tr><td style=\"white-space:nowrap\">not-working-for-pay-not-looking<a name=\"employment-codes-not-working-for-pay-not-looking\"> </a></td><td>Not working for pay or looking for paid work</td><td>Not working for pay or looking for paid work</td></tr><tr><td style=\"white-space:nowrap\">work-performance<a name=\"employment-codes-work-performance\"> </a></td><td>Work performance</td><td>Work performance</td></tr><tr><td style=\"white-space:nowrap\">work-satisfaction<a name=\"employment-codes-work-satisfaction\"> </a></td><td>Work satisfaction</td><td>Work satisfaction</td></tr></table></div>"
  },
  "url" : "http://va.gov/fhir/vco/CodeSystem/employment-codes",
  "version" : "0.1.0",
  "name" : "EmploymentCodes",
  "title" : "Employment Codes",
  "status" : "draft",
  "experimental" : true,
  "date" : "2025-04-11T16:20:36+00:00",
  "publisher" : "U.S. Department of Veterans Affairs",
  "contact" : [{
    "name" : "U.S. Department of Veterans Affairs",
    "telecom" : [{
      "system" : "url",
      "value" : "http://va.gov"
    }]
  }],
  "description" : "Employment related codes not found in standard terminologies.",
  "jurisdiction" : [{
    "coding" : [{
      "system" : "urn:iso:std:iso:3166",
      "code" : "US",
      "display" : "United States of America"
    }]
  }],
  "caseSensitive" : true,
  "content" : "complete",
  "count" : 7,
  "concept" : [{
    "code" : "employment",
    "display" : "Employment",
    "definition" : "Employment"
  },
  {
    "code" : "employment-status",
    "display" : "Employment Status",
    "definition" : "Employment Status"
  },
  {
    "code" : "working-for-pay",
    "display" : "Working for pay",
    "definition" : "Working for pay"
  },
  {
    "code" : "not-working-for-pay-looking",
    "display" : "Not working for pay but actively looking for paid work",
    "definition" : "Not working for pay but actively looking for paid work"
  },
  {
    "code" : "not-working-for-pay-not-looking",
    "display" : "Not working for pay or looking for paid work",
    "definition" : "Not working for pay or looking for paid work"
  },
  {
    "code" : "work-performance",
    "display" : "Work performance",
    "definition" : "Work performance"
  },
  {
    "code" : "work-satisfaction",
    "display" : "Work satisfaction",
    "definition" : "Work satisfaction"
  }]
}