<?xml version="1.0" encoding="UTF-8"?>

<Bundle xmlns="http://hl7.org/fhir">
  <id value="212fcdcb-eb3a-49aa-9133-a19679aa9a79"/>
  <meta>
    <lastUpdated value="2025-04-11T19:46:42.636+00:00"/>
  </meta>
  <type value="collection"/>
  <entry>
    <fullUrl value="http://va.gov/fhir/vco/ValueSet/well-being-frequency"/>
    <resource>
      <ValueSet>
        <text>
          <status value="generated"/>
          <div xmlns="http://www.w3.org/1999/xhtml">
            <p class="res-header-id">
              <b>ValueSet </b>
            </p>
            <p style="border: black 1px dotted; background-color: #EEEEEE; padding: 8px; margin-bottom: 8px">Expansion from tx.fhir.org based on Loinc v2.80</p>
            <p>This value set contains 7 concepts</p>
            <table class="codes">
              <tr>
                <td style="white-space:nowrap">
                  <b>Code</b>
                </td>
                <td>
                  <b>System</b>
                </td>
                <td>
                  <b>Display (en-US)</b>
                </td>
              </tr>
              <tr>
                <td style="white-space:nowrap">
                  <a name="x-http://loinc.org-LA6270-8"> </a>  
                  <a href="https://loinc.org/LA6270-8/">LA6270-8</a>
                </td>
                <td>http://loinc.org</td>
                <td>Never</td>
              </tr>
              <tr>
                <td style="white-space:nowrap">
                  <a name="x-http://loinc.org-LA10066-1"> </a>  
                  <a href="https://loinc.org/LA10066-1/">LA10066-1</a>
                </td>
                <td>http://loinc.org</td>
                <td>Rarely</td>
              </tr>
              <tr>
                <td style="white-space:nowrap">
                  <a name="x-http://loinc.org-LA6483-7"> </a>  
                  <a href="https://loinc.org/LA6483-7/">LA6483-7</a>
                </td>
                <td>http://loinc.org</td>
                <td>Occasionally</td>
              </tr>
              <tr>
                <td style="white-space:nowrap">
                  <a name="x-http://loinc.org-LA10082-8"> </a>  
                  <a href="https://loinc.org/LA10082-8/">LA10082-8</a>
                </td>
                <td>http://loinc.org</td>
                <td>Sometimes</td>
              </tr>
              <tr>
                <td style="white-space:nowrap">
                  <a name="x-http://loinc.org-LA10044-8"> </a>  
                  <a href="https://loinc.org/LA10044-8/">LA10044-8</a>
                </td>
                <td>http://loinc.org</td>
                <td>Often</td>
              </tr>
              <tr>
                <td style="white-space:nowrap">
                  <a name="x-http://loinc.org-LA13865-3"> </a>  
                  <a href="https://loinc.org/LA13865-3/">LA13865-3</a>
                </td>
                <td>http://loinc.org</td>
                <td>Almost always</td>
              </tr>
              <tr>
                <td style="white-space:nowrap">
                  <a name="x-http://loinc.org-LA9933-8"> </a>  
                  <a href="https://loinc.org/LA9933-8/">LA9933-8</a>
                </td>
                <td>http://loinc.org</td>
                <td>Always</td>
              </tr>
            </table>
          </div>
        </text>
        <url value="http://va.gov/fhir/vco/ValueSet/well-being-frequency"/>
        <version value="0.1.0"/>
        <name value="WellBeingFrequency"/>
        <title value="Well-Being Frequency Answers"/>
        <status value="draft"/>
        <experimental value="false"/>
        <date value="2025-04-11T19:45:36+00:00"/>
        <jurisdiction>
          <coding>
            <system value="urn:iso:std:iso:3166"/>
            <code value="US"/>
            <display value="United States of America"/>
          </coding>
        </jurisdiction>
        <expansion>
          <identifier value="urn:uuid:8c540434-0bff-4074-af0c-cc99e441bb21"/>
          <timestamp value="2025-04-11T19:47:32+00:00"/>
          <total value="7"/>
          <offset value="0"/>
          <parameter>
            <name value="displayLanguage"/>
            <valueCode value="en-US"/>
          </parameter>
          <parameter>
            <name value="count"/>
            <valueInteger value="1000"/>
          </parameter>
          <parameter>
            <name value="offset"/>
            <valueInteger value="0"/>
          </parameter>
          <parameter>
            <name value="excludeNested"/>
            <valueBoolean value="false"/>
          </parameter>
          <parameter>
            <name value="used-valueset"/>
            <valueUri value="null"/>
          </parameter>
          <parameter>
            <name value="used-codesystem"/>
            <valueUri value="http://loinc.org|2.80"/>
          </parameter>
          <parameter>
            <name value="version"/>
            <valueUri value="http://loinc.org|2.80"/>
          </parameter>
          <contains>
            <system value="http://loinc.org"/>
            <code value="LA6270-8"/>
            <display value="Never"/>
          </contains>
          <contains>
            <system value="http://loinc.org"/>
            <code value="LA10066-1"/>
            <display value="Rarely"/>
          </contains>
          <contains>
            <system value="http://loinc.org"/>
            <code value="LA6483-7"/>
            <display value="Occasionally"/>
          </contains>
          <contains>
            <system value="http://loinc.org"/>
            <code value="LA10082-8"/>
            <display value="Sometimes"/>
          </contains>
          <contains>
            <system value="http://loinc.org"/>
            <code value="LA10044-8"/>
            <display value="Often"/>
          </contains>
          <contains>
            <system value="http://loinc.org"/>
            <code value="LA13865-3"/>
            <display value="Almost always"/>
          </contains>
          <contains>
            <system value="http://loinc.org"/>
            <code value="LA9933-8"/>
            <display value="Always"/>
          </contains>
        </expansion>
      </ValueSet>
    </resource>
  </entry>
  <entry>
    <fullUrl value="http://va.gov/fhir/vco/ValueSet/well-being-satisfaction"/>
    <resource>
      <ValueSet>
        <text>
          <status value="generated"/>
          <div xmlns="http://www.w3.org/1999/xhtml">
            <p class="res-header-id">
              <b>ValueSet </b>
            </p>
            <div style="border: black 1px dotted; background-color: #EEEEEE; padding: 8px; margin-bottom: 8px">
              <p>Expansion from tx.fhir.org based on:</p>
              <ul>
                <li>Loinc v2.80</li>
                <li>
                  <a href="CodeSystem-well-being-answer-codes.html">codesystem Well-Being Answer Codes v0.1.0 (CodeSystem)</a>
                </li>
              </ul>
            </div>
            <p>This value set contains 7 concepts</p>
            <table class="codes">
              <tr>
                <td style="white-space:nowrap">
                  <b>Code</b>
                </td>
                <td>
                  <b>System</b>
                </td>
                <td>
                  <b>Display (en-US)</b>
                </td>
              </tr>
              <tr>
                <td style="white-space:nowrap">
                  <a name="x-http://loinc.org-LA14638-3"> </a>  
                  <a href="https://loinc.org/LA14638-3/">LA14638-3</a>
                </td>
                <td>http://loinc.org</td>
                <td>Very dissatisfied</td>
              </tr>
              <tr>
                <td style="white-space:nowrap">
                  <a name="x-http://loinc.org-LA29849-9"> </a>  
                  <a href="https://loinc.org/LA29849-9/">LA29849-9</a>
                </td>
                <td>http://loinc.org</td>
                <td>Somewhat dissatisfied</td>
              </tr>
              <tr>
                <td style="white-space:nowrap">
                  <a name="x-http://loinc.org-LA31733-1"> </a>  
                  <a href="https://loinc.org/LA31733-1/">LA31733-1</a>
                </td>
                <td>http://loinc.org</td>
                <td>Neither satisfied nor dissatisfied</td>
              </tr>
              <tr>
                <td style="white-space:nowrap">
                  <a name="x-http://loinc.org-LA27752-7"> </a>  
                  <a href="https://loinc.org/LA27752-7/">LA27752-7</a>
                </td>
                <td>http://loinc.org</td>
                <td>Somewhat satisfied</td>
              </tr>
              <tr>
                <td style="white-space:nowrap">
                  <a name="x-http://loinc.org-LA14642-5"> </a>  
                  <a href="https://loinc.org/LA14642-5/">LA14642-5</a>
                </td>
                <td>http://loinc.org</td>
                <td>Very satisfied</td>
              </tr>
              <tr>
                <td style="white-space:nowrap">
                  <a name="x-http://va.gov/fhir/vco/CodeSystem/well-being-answer-codes-slightly-dissatisfied"> </a>  
                  <a href="CodeSystem-well-being-answer-codes.html#well-being-answer-codes-slightly-dissatisfied">slightly-dissatisfied</a>
                </td>
                <td>http://va.gov/fhir/vco/CodeSystem/well-being-answer-codes</td>
                <td>Slightly dissatisfied</td>
              </tr>
              <tr>
                <td style="white-space:nowrap">
                  <a name="x-http://va.gov/fhir/vco/CodeSystem/well-being-answer-codes-slightly-satisfied"> </a>  
                  <a href="CodeSystem-well-being-answer-codes.html#well-being-answer-codes-slightly-satisfied">slightly-satisfied</a>
                </td>
                <td>http://va.gov/fhir/vco/CodeSystem/well-being-answer-codes</td>
                <td>Slightly satisfied</td>
              </tr>
            </table>
          </div>
        </text>
        <url value="http://va.gov/fhir/vco/ValueSet/well-being-satisfaction"/>
        <version value="0.1.0"/>
        <name value="WellBeingSatisfaction"/>
        <title value="Well-Being Satisfaction Answers"/>
        <status value="draft"/>
        <experimental value="false"/>
        <date value="2025-04-11T19:45:36+00:00"/>
        <jurisdiction>
          <coding>
            <system value="urn:iso:std:iso:3166"/>
            <code value="US"/>
            <display value="United States of America"/>
          </coding>
        </jurisdiction>
        <expansion>
          <identifier value="urn:uuid:3582c24b-26be-426c-8b5b-ad55852f3b9f"/>
          <timestamp value="2025-04-11T19:47:33+00:00"/>
          <total value="7"/>
          <offset value="0"/>
          <parameter>
            <name value="displayLanguage"/>
            <valueCode value="en-US"/>
          </parameter>
          <parameter>
            <name value="count"/>
            <valueInteger value="1000"/>
          </parameter>
          <parameter>
            <name value="offset"/>
            <valueInteger value="0"/>
          </parameter>
          <parameter>
            <name value="excludeNested"/>
            <valueBoolean value="false"/>
          </parameter>
          <parameter>
            <name value="used-valueset"/>
            <valueUri value="null"/>
          </parameter>
          <parameter>
            <name value="used-codesystem"/>
            <valueUri value="http://loinc.org|2.80"/>
          </parameter>
          <parameter>
            <name value="version"/>
            <valueUri value="http://loinc.org|2.80"/>
          </parameter>
          <parameter>
            <name value="warning-experimental"/>
            <valueUri value="http://va.gov/fhir/vco/CodeSystem/well-being-answer-codes|0.1.0"/>
          </parameter>
          <parameter>
            <name value="used-codesystem"/>
            <valueUri value="http://va.gov/fhir/vco/CodeSystem/well-being-answer-codes|0.1.0"/>
          </parameter>
          <contains>
            <system value="http://loinc.org"/>
            <code value="LA14638-3"/>
            <display value="Very dissatisfied"/>
          </contains>
          <contains>
            <system value="http://loinc.org"/>
            <code value="LA29849-9"/>
            <display value="Somewhat dissatisfied"/>
          </contains>
          <contains>
            <system value="http://loinc.org"/>
            <code value="LA31733-1"/>
            <display value="Neither satisfied nor dissatisfied"/>
          </contains>
          <contains>
            <system value="http://loinc.org"/>
            <code value="LA27752-7"/>
            <display value="Somewhat satisfied"/>
          </contains>
          <contains>
            <system value="http://loinc.org"/>
            <code value="LA14642-5"/>
            <display value="Very satisfied"/>
          </contains>
          <contains>
            <system value="http://va.gov/fhir/vco/CodeSystem/well-being-answer-codes"/>
            <code value="slightly-dissatisfied"/>
            <display value="Slightly dissatisfied"/>
          </contains>
          <contains>
            <system value="http://va.gov/fhir/vco/CodeSystem/well-being-answer-codes"/>
            <code value="slightly-satisfied"/>
            <display value="Slightly satisfied"/>
          </contains>
        </expansion>
      </ValueSet>
    </resource>
  </entry>
  <entry>
    <fullUrl value="http://va.gov/fhir/vco/ValueSet/well-being-frequency"/>
    <resource>
      <ValueSet>
        <id value="well-being-frequency"/>
        <meta>
          <profile value="http://hl7.org/fhir/uv/cpg/StructureDefinition/cpg-executablevalueset"/>
        </meta>
        <text>
          <status value="generated"/>
          <div xmlns="http://www.w3.org/1999/xhtml">
            <p class="res-header-id">
              <b>ValueSet well-being-frequency</b>
            </p>
            <p>This value set expansion contains 7 concepts.</p>
            <table class="codes">
              <tr>
                <td style="white-space:nowrap">
                  <b>Code</b>
                </td>
                <td>
                  <b>System</b>
                </td>
                <td>
                  <b>Display</b>
                </td>
              </tr>
              <tr>
                <td style="white-space:nowrap">
                  <a name="x-well-being-frequency-http://loinc.org-LA6270-8"> </a>  
                  <a href="https://loinc.org/LA6270-8/">LA6270-8</a>
                </td>
                <td>http://loinc.org</td>
                <td>Never</td>
              </tr>
              <tr>
                <td style="white-space:nowrap">
                  <a name="x-well-being-frequency-http://loinc.org-LA10066-1"> </a>  
                  <a href="https://loinc.org/LA10066-1/">LA10066-1</a>
                </td>
                <td>http://loinc.org</td>
                <td>Rarely</td>
              </tr>
              <tr>
                <td style="white-space:nowrap">
                  <a name="x-well-being-frequency-http://loinc.org-LA6483-7"> </a>  
                  <a href="https://loinc.org/LA6483-7/">LA6483-7</a>
                </td>
                <td>http://loinc.org</td>
                <td>Occasionally</td>
              </tr>
              <tr>
                <td style="white-space:nowrap">
                  <a name="x-well-being-frequency-http://loinc.org-LA10082-8"> </a>  
                  <a href="https://loinc.org/LA10082-8/">LA10082-8</a>
                </td>
                <td>http://loinc.org</td>
                <td>Sometimes</td>
              </tr>
              <tr>
                <td style="white-space:nowrap">
                  <a name="x-well-being-frequency-http://loinc.org-LA10044-8"> </a>  
                  <a href="https://loinc.org/LA10044-8/">LA10044-8</a>
                </td>
                <td>http://loinc.org</td>
                <td>Often</td>
              </tr>
              <tr>
                <td style="white-space:nowrap">
                  <a name="x-well-being-frequency-http://loinc.org-LA13865-3"> </a>  
                  <a href="https://loinc.org/LA13865-3/">LA13865-3</a>
                </td>
                <td>http://loinc.org</td>
                <td>Almost always</td>
              </tr>
              <tr>
                <td style="white-space:nowrap">
                  <a name="x-well-being-frequency-http://loinc.org-LA9933-8"> </a>  
                  <a href="https://loinc.org/LA9933-8/">LA9933-8</a>
                </td>
                <td>http://loinc.org</td>
                <td>Always</td>
              </tr>
            </table>
          </div>
        </text>
        <extension url="http://hl7.org/fhir/uv/cpg/StructureDefinition/cpg-knowledgeCapability">
          <valueString value="executable"/>
        </extension>
        <extension url="http://hl7.org/fhir/uv/cpg/StructureDefinition/cpg-knowledgeRepresentationLevel">
          <valueString value="executable"/>
        </extension>
        <url value="http://va.gov/fhir/vco/ValueSet/well-being-frequency"/>
        <version value="0.1.0"/>
        <name value="WellBeingFrequency"/>
        <title value="Well-Being Frequency Answers"/>
        <status value="draft"/>
        <experimental value="false"/>
        <description value="Answers for frequency related questions in well-being questionnaires."/>
        <copyright value="This material contains content from LOINC (http://loinc.org). LOINC is copyright © 1995-2020, Regenstrief Institute, Inc. and the Logical Observation Identifiers Names and Codes (LOINC) Committee and is available at no cost under the license at http://loinc.org/license. LOINC® is a registered United States trademark of Regenstrief Institute, Inc"/>
        <expansion>
          <timestamp value="2025-04-07T07:46:48-06:00"/>
          <parameter>
            <name value="naive"/>
            <valueBoolean value="true"/>
          </parameter>
          <contains>
            <system value="http://loinc.org"/>
            <code value="LA6270-8"/>
            <display value="Never"/>
          </contains>
          <contains>
            <system value="http://loinc.org"/>
            <code value="LA10066-1"/>
            <display value="Rarely"/>
          </contains>
          <contains>
            <system value="http://loinc.org"/>
            <code value="LA6483-7"/>
            <display value="Occasionally"/>
          </contains>
          <contains>
            <system value="http://loinc.org"/>
            <code value="LA10082-8"/>
            <display value="Sometimes"/>
          </contains>
          <contains>
            <system value="http://loinc.org"/>
            <code value="LA10044-8"/>
            <display value="Often"/>
          </contains>
          <contains>
            <system value="http://loinc.org"/>
            <code value="LA13865-3"/>
            <display value="Almost always"/>
          </contains>
          <contains>
            <system value="http://loinc.org"/>
            <code value="LA9933-8"/>
            <display value="Always"/>
          </contains>
        </expansion>
      </ValueSet>
    </resource>
  </entry>
  <entry>
    <fullUrl value="http://va.gov/fhir/vco/ValueSet/well-being-satisfaction"/>
    <resource>
      <ValueSet>
        <id value="well-being-satisfaction"/>
        <meta>
          <profile value="http://hl7.org/fhir/uv/cpg/StructureDefinition/cpg-executablevalueset"/>
        </meta>
        <text>
          <status value="generated"/>
          <div xmlns="http://www.w3.org/1999/xhtml">
            <p class="res-header-id">
              <b>ValueSet well-being-satisfaction</b>
            </p>
            <p>This value set expansion contains 7 concepts.</p>
            <table class="codes">
              <tr>
                <td style="white-space:nowrap">
                  <b>Code</b>
                </td>
                <td>
                  <b>System</b>
                </td>
                <td>
                  <b>Display</b>
                </td>
              </tr>
              <tr>
                <td style="white-space:nowrap">
                  <a name="x-well-being-satisfaction-http://loinc.org-LA14638-3"> </a>  
                  <a href="https://loinc.org/LA14638-3/">LA14638-3</a>
                </td>
                <td>http://loinc.org</td>
                <td>Very dissatisfied</td>
              </tr>
              <tr>
                <td style="white-space:nowrap">
                  <a name="x-well-being-satisfaction-http://loinc.org-LA29849-9"> </a>  
                  <a href="https://loinc.org/LA29849-9/">LA29849-9</a>
                </td>
                <td>http://loinc.org</td>
                <td>Somewhat dissatisfied</td>
              </tr>
              <tr>
                <td style="white-space:nowrap">
                  <a name="x-well-being-satisfaction-http://loinc.org-LA31733-1"> </a>  
                  <a href="https://loinc.org/LA31733-1/">LA31733-1</a>
                </td>
                <td>http://loinc.org</td>
                <td>Neither satisfied nor dissatisfied</td>
              </tr>
              <tr>
                <td style="white-space:nowrap">
                  <a name="x-well-being-satisfaction-http://loinc.org-LA27752-7"> </a>  
                  <a href="https://loinc.org/LA27752-7/">LA27752-7</a>
                </td>
                <td>http://loinc.org</td>
                <td>Somewhat satisfied</td>
              </tr>
              <tr>
                <td style="white-space:nowrap">
                  <a name="x-well-being-satisfaction-http://loinc.org-LA14642-5"> </a>  
                  <a href="https://loinc.org/LA14642-5/">LA14642-5</a>
                </td>
                <td>http://loinc.org</td>
                <td>Very satisfied</td>
              </tr>
              <tr>
                <td style="white-space:nowrap">
                  <a name="x-well-being-satisfaction-http://va.gov/fhir/vco/CodeSystem/well-being-answer-codes-slightly-dissatisfied"> </a>  
                  <a href="CodeSystem-well-being-answer-codes.html#well-being-answer-codes-slightly-dissatisfied">slightly-dissatisfied</a>
                </td>
                <td>http://va.gov/fhir/vco/CodeSystem/well-being-answer-codes</td>
                <td>Slightly dissatisfied</td>
              </tr>
              <tr>
                <td style="white-space:nowrap">
                  <a name="x-well-being-satisfaction-http://va.gov/fhir/vco/CodeSystem/well-being-answer-codes-slightly-satisfied"> </a>  
                  <a href="CodeSystem-well-being-answer-codes.html#well-being-answer-codes-slightly-satisfied">slightly-satisfied</a>
                </td>
                <td>http://va.gov/fhir/vco/CodeSystem/well-being-answer-codes</td>
                <td>Slightly satisfied</td>
              </tr>
            </table>
          </div>
        </text>
        <extension url="http://hl7.org/fhir/uv/cpg/StructureDefinition/cpg-knowledgeCapability">
          <valueString value="executable"/>
        </extension>
        <extension url="http://hl7.org/fhir/uv/cpg/StructureDefinition/cpg-knowledgeRepresentationLevel">
          <valueString value="executable"/>
        </extension>
        <url value="http://va.gov/fhir/vco/ValueSet/well-being-satisfaction"/>
        <version value="0.1.0"/>
        <name value="WellBeingSatisfaction"/>
        <title value="Well-Being Satisfaction Answers"/>
        <status value="draft"/>
        <experimental value="false"/>
        <description value="Answers for satisfaction related questions in well-being questionnaires."/>
        <copyright value="This material contains content from LOINC (http://loinc.org). LOINC is copyright © 1995-2020, Regenstrief Institute, Inc. and the Logical Observation Identifiers Names and Codes (LOINC) Committee and is available at no cost under the license at http://loinc.org/license. LOINC® is a registered United States trademark of Regenstrief Institute, Inc"/>
        <expansion>
          <timestamp value="2025-04-07T07:46:48-06:00"/>
          <parameter>
            <name value="naive"/>
            <valueBoolean value="true"/>
          </parameter>
          <contains>
            <system value="http://loinc.org"/>
            <code value="LA14638-3"/>
            <display value="Very dissatisfied"/>
          </contains>
          <contains>
            <system value="http://loinc.org"/>
            <code value="LA29849-9"/>
            <display value="Somewhat dissatisfied"/>
          </contains>
          <contains>
            <system value="http://loinc.org"/>
            <code value="LA31733-1"/>
            <display value="Neither satisfied nor dissatisfied"/>
          </contains>
          <contains>
            <system value="http://loinc.org"/>
            <code value="LA27752-7"/>
            <display value="Somewhat satisfied"/>
          </contains>
          <contains>
            <system value="http://loinc.org"/>
            <code value="LA14642-5"/>
            <display value="Very satisfied"/>
          </contains>
          <contains>
            <system value="http://va.gov/fhir/vco/CodeSystem/well-being-answer-codes"/>
            <code value="slightly-dissatisfied"/>
            <display value="Slightly dissatisfied"/>
          </contains>
          <contains>
            <system value="http://va.gov/fhir/vco/CodeSystem/well-being-answer-codes"/>
            <code value="slightly-satisfied"/>
            <display value="Slightly satisfied"/>
          </contains>
        </expansion>
      </ValueSet>
    </resource>
  </entry>
</Bundle>