{
  "resourceType" : "Practitioner",
  "id" : "pcoPractitionerAnderson",
  "meta" : {
    "profile" : ["http://hl7.org/fhir/us/core/StructureDefinition/us-core-practitioner"]
  },
  "text" : {
    "status" : "generated",
    "div" : "<div xmlns=\"http://www.w3.org/1999/xhtml\"><p class=\"res-header-id\"><b>Generated Narrative: Practitioner pcoPractitionerAnderson</b></p><a name=\"pcoPractitionerAnderson\"> </a><a name=\"hcpcoPractitionerAnderson\"> </a><a name=\"pcoPractitionerAnderson-en-US\"> </a><div style=\"display: inline-block; background-color: #d9e0e7; padding: 6px; margin: 4px; border: 1px solid #8da1b4; border-radius: 5px; line-height: 60%\"><p style=\"margin-bottom: 0px\"/><p style=\"margin-bottom: 0px\">Profile: <a href=\"http://hl7.org/fhir/us/core/STU6.1/StructureDefinition-us-core-practitioner.html\">US Core Practitioner Profile</a></p></div><p><b>identifier</b>: <a href=\"http://terminology.hl7.org/5.5.0/NamingSystem-npi.html\" title=\"National Provider Identifier\">United States National Provider Identifier</a>/9941339100</p><p><b>name</b>: John Anderson, MD</p><p><b>gender</b>: Male</p></div>"
  },
  "identifier" : [{
    "system" : "http://hl7.org/fhir/sid/us-npi",
    "value" : "9941339100"
  }],
  "name" : [{
    "text" : "John Anderson, MD",
    "family" : "Anderson",
    "given" : ["John"],
    "suffix" : ["MD"]
  }],
  "gender" : "male"
}