{
  "package": "va.fhir.vco",
  "version": "0.1.0",
  "fhirVersion": "4.0.1",
  "jurisdiction": "US",
  "extensions": [],
  "profiles": {},
  "usage": {
    "http://hl7.org/fhir/StructureDefinition/maxValue": [
      "Questionnaire.item.item.item"
    ],
    "http://hl7.org/fhir/StructureDefinition/minValue": [
      "Questionnaire.item.item.item"
    ],
    "http://hl7.org/fhir/tools/StructureDefinition/ig-internal-dependency": [
      "ImplementationGuide.definition"
    ],
    "http://hl7.org/fhir/tools/StructureDefinition/ig-page-name": [
      "ImplementationGuide.definition.page",
      "ImplementationGuide.definition.page.page"
    ],
    "http://hl7.org/fhir/tools/StructureDefinition/ig-parameter": [
      "ImplementationGuide.definition"
    ],
    "http://hl7.org/fhir/tools/StructureDefinition/resource-information": [
      "ImplementationGuide.definition.resource"
    ],
    "http://hl7.org/fhir/uv/cpg/StructureDefinition/cpg-knowledgeCapability": [
      "Questionnaire.contained"
    ],
    "http://hl7.org/fhir/uv/cpg/StructureDefinition/cpg-knowledgeRepresentationLevel": [
      "Questionnaire.contained"
    ]
  }
}