{
  "resourceType" : "ValueSet",
  "id" : "well-being-satisfaction",
  "text" : {
    "status" : "generated",
    "div" : "<div xmlns=\"http://www.w3.org/1999/xhtml\"><p class=\"res-header-id\"><b>Generated Narrative: ValueSet well-being-satisfaction</b></p><a name=\"well-being-satisfaction\"> </a><a name=\"hcwell-being-satisfaction\"> </a><a name=\"well-being-satisfaction-en-US\"> </a><p>This value set includes codes based on the following rules:</p><ul><li>Include these codes as defined in <a href=\"http://loinc.org\"><code>http://loinc.org</code></a><table class=\"none\"><tr><td style=\"white-space:nowrap\"><b>Code</b></td><td><b>Display</b></td></tr><tr><td><a href=\"https://loinc.org/LA14638-3/\">LA14638-3</a></td><td>Very dissatisfied</td></tr><tr><td><a href=\"https://loinc.org/LA29849-9/\">LA29849-9</a></td><td>Somewhat dissatisfied</td></tr><tr><td><a href=\"https://loinc.org/LA31733-1/\">LA31733-1</a></td><td>Neither satisfied nor dissatisfied</td></tr><tr><td><a href=\"https://loinc.org/LA27752-7/\">LA27752-7</a></td><td>Somewhat satisfied</td></tr><tr><td><a href=\"https://loinc.org/LA14642-5/\">LA14642-5</a></td><td>Very satisfied</td></tr></table></li><li>Include these codes as defined in <a href=\"CodeSystem-well-being-answer-codes.html\"><code>http://va.gov/fhir/vco/CodeSystem/well-being-answer-codes</code></a><table class=\"none\"><tr><td style=\"white-space:nowrap\"><b>Code</b></td><td><b>Display</b></td></tr><tr><td><a href=\"CodeSystem-well-being-answer-codes.html#well-being-answer-codes-slightly-dissatisfied\">slightly-dissatisfied</a></td><td>Slightly dissatisfied</td></tr><tr><td><a href=\"CodeSystem-well-being-answer-codes.html#well-being-answer-codes-slightly-satisfied\">slightly-satisfied</a></td><td>Slightly satisfied</td></tr></table></li></ul></div>"
  },
  "url" : "http://va.gov/fhir/vco/ValueSet/well-being-satisfaction",
  "version" : "0.1.0",
  "name" : "WellBeingSatisfaction",
  "title" : "Well-Being Satisfaction Answers",
  "status" : "draft",
  "experimental" : false,
  "date" : "2025-04-17T22:39:33+00:00",
  "publisher" : "U.S. Department of Veterans Affairs",
  "contact" : [{
    "name" : "U.S. Department of Veterans Affairs",
    "telecom" : [{
      "system" : "url",
      "value" : "http://va.gov"
    }]
  }],
  "description" : "Answers for satisfaction related questions in well-being questionnaires.",
  "jurisdiction" : [{
    "coding" : [{
      "system" : "urn:iso:std:iso:3166",
      "code" : "US",
      "display" : "United States of America"
    }]
  }],
  "copyright" : "This material contains content from LOINC (http://loinc.org). LOINC is copyright © 1995-2020, Regenstrief Institute, Inc. and the Logical Observation Identifiers Names and Codes (LOINC) Committee and is available at no cost under the license at http://loinc.org/license. LOINC® is a registered United States trademark of Regenstrief Institute, Inc",
  "compose" : {
    "include" : [{
      "system" : "http://loinc.org",
      "concept" : [{
        "code" : "LA14638-3",
        "display" : "Very dissatisfied"
      },
      {
        "code" : "LA29849-9",
        "display" : "Somewhat dissatisfied"
      },
      {
        "code" : "LA31733-1",
        "display" : "Neither satisfied nor dissatisfied"
      },
      {
        "code" : "LA27752-7",
        "display" : "Somewhat satisfied"
      },
      {
        "code" : "LA14642-5",
        "display" : "Very satisfied"
      }]
    },
    {
      "system" : "http://va.gov/fhir/vco/CodeSystem/well-being-answer-codes",
      "concept" : [{
        "code" : "slightly-dissatisfied",
        "display" : "Slightly dissatisfied"
      },
      {
        "code" : "slightly-satisfied",
        "display" : "Slightly satisfied"
      }]
    }]
  }
}