{
  "resourceType" : "Patient",
  "id" : "pcoPatientJones",
  "meta" : {
    "profile" : ["http://hl7.org/fhir/us/core/StructureDefinition/us-core-patient"]
  },
  "text" : {
    "status" : "generated",
    "div" : "<div xmlns=\"http://www.w3.org/1999/xhtml\"><p class=\"res-header-id\"><b>Generated Narrative: Patient pcoPatientJones</b></p><a name=\"pcoPatientJones\"> </a><a name=\"hcpcoPatientJones\"> </a><a name=\"pcoPatientJones-en-US\"> </a><div style=\"display: inline-block; background-color: #d9e0e7; padding: 6px; margin: 4px; border: 1px solid #8da1b4; border-radius: 5px; line-height: 60%\"><p style=\"margin-bottom: 0px\"/><p style=\"margin-bottom: 0px\">Profile: <a href=\"http://hl7.org/fhir/us/core/STU6.1/StructureDefinition-us-core-patient.html\">US Core Patient Profile</a></p></div><p style=\"border: 1px #661aff solid; background-color: #e6e6ff; padding: 10px;\">Dorothy Jones  Female, DoB: 1947-11-25 ( http://example.org#ee8d4ac0-545c-4501-8d7e-646bfbda1db5\u00a0(use:\u00a0official,\u00a0))</p><hr/></div>"
  },
  "identifier" : [{
    "use" : "official",
    "system" : "http://example.org",
    "value" : "ee8d4ac0-545c-4501-8d7e-646bfbda1db5"
  }],
  "name" : [{
    "family" : "Jones",
    "given" : ["Dorothy"]
  }],
  "gender" : "female",
  "birthDate" : "1947-11-25"
}